Customer_Age,Policy_Tenure_Months,Claim_Amount,Previous_Claims,Credit_Score,Location_Type,Claim_Approved
56,11,511.76,1,737,0,1
69,85,9680.91,0,546,2,1
46,26,19506.21,1,845,1,1
32,63,46663.2,4,798,1,0
60,89,3966.47,4,428,1,1
25,86,969.53,1,626,2,1
78,59,3107.85,0,703,1,1
38,27,4882.9,1,658,0,1
56,49,2361.04,1,316,0,1
75,77,24249.18,1,573,0,0
36,33,29247.48,2,415,1,0
40,98,13948.51,4,390,0,0
28,105,20215.23,3,381,1,0
28,99,5039.12,3,623,0,1
41,1,17150.34,2,413,2,0
70,21,26364.7,1,357,2,0
53,112,36747.45,2,453,2,0
57,55,665.64,2,703,2,0
41,6,23631.88,0,565,1,0
20,92,15201.64,4,614,0,1
39,81,42714.68,3,340,2,0
70,69,35919.89,1,404,1,1
19,95,29660.87,3,492,2,0
41,5,14224.65,3,700,2,0
61,102,45561.79,4,577,1,0
47,3,2732.48,3,653,1,0
55,53,5918.65,3,555,0,0
19,23,19885.69,2,398,0,0
77,101,6659.66,4,581,2,0
38,53,47842.58,0,702,2,1
50,37,40000.47,1,408,0,0
29,74,13319.64,3,498,0,1
75,74,29633.43,1,602,1,1
39,83,49125.36,0,626,0,1
78,17,44267.85,1,453,0,1
61,85,30239.52,0,704,2,1
42,78,45234.34,2,761,0,0
66,73,49464.65,3,431,2,0
44,110,37295.96,0,383,0,1
76,1,3716.83,1,698,1,1
59,51,20378.22,3,408,0,0
45,45,41972.37,2,520,0,0
77,77,11913.18,3,667,0,1
33,4,41616.8,0,446,2,0
32,62,6456.77,2,411,1,0
79,65,2823.8,1,793,0,1
79,113,19512.49,2,804,2,0
64,104,2318.23,2,774,1,1
79,32,47884.88,4,570,2,0
68,34,41397.18,2,720,2,0
61,92,40138.1,2,666,1,1
72,95,31674.01,3,579,0,0
69,72,11208.04,1,582,2,0
74,39,26153.89,3,339,2,0
20,26,30065.07,3,488,0,0
54,34,26489.06,0,463,0,0
68,54,13381.55,3,835,1,1
24,118,26004.77,4,835,1,1
38,3,24813.72,4,303,1,0
26,50,49818.62,0,589,0,0
56,12,44923.09,1,732,2,1
35,65,23437.35,1,770,2,1
21,54,31335.4,3,480,1,0
42,108,37519.64,3,547,0,0
77,5,2225.83,3,578,2,0
31,94,44798.61,1,553,1,0
67,94,43076.28,2,480,2,0
75,57,23142.89,4,808,2,0
26,17,19862.9,2,625,0,1
43,112,14011.49,2,656,0,1
70,47,24095.5,1,690,2,1
19,23,2696.64,2,384,1,1
37,79,42683.58,0,616,0,1
45,101,2253.41,3,511,2,0
64,85,16788.04,0,814,0,1
77,14,46613.68,4,683,0,1
24,66,36893.03,3,641,0,1
61,75,14428.85,2,337,2,0
78,51,13006.13,4,810,1,1
25,103,751.57,3,719,1,1
64,38,34937.86,2,468,1,0
52,64,2914.79,0,642,0,1
31,98,26863.82,3,605,2,0
34,38,48125.04,2,841,0,0
53,50,5918.71,0,836,1,1
67,98,44776.76,4,411,1,0
57,82,49578.03,4,710,2,1
21,30,3545.09,4,505,0,0
19,79,44203.86,4,484,1,0
79,91,26045.91,1,681,2,1
23,51,45372.43,3,795,0,0
71,63,28780.29,3,678,0,0
59,98,33274.54,1,346,1,1
21,52,27417.06,2,827,1,0
71,38,43292.4,2,803,0,1
46,97,36828.54,4,321,0,0
35,88,26302.39,0,512,1,1
43,79,43473.96,2,609,0,0
61,30,12641.63,0,571,1,1
51,119,8288.36,3,501,0,1
27,106,8439.81,0,331,1,1
79,51,17033.44,3,742,2,0
53,81,12315.16,1,461,1,1
31,5,46539.47,1,553,1,0
48,29,5738.79,4,820,2,0
65,4,35100.04,2,779,0,0
32,10,9866.47,4,309,2,0
25,56,44141.04,3,804,1,1
31,17,48085.11,4,735,0,1
40,74,23540.77,0,410,2,0
77,17,44014.04,3,452,0,0
74,84,754.69,1,401,0,1
79,88,41087.37,2,490,2,0
57,69,11816.95,3,380,0,0
38,34,45480.71,3,788,2,0
33,6,555.45,0,387,1,1
62,53,28031.0,2,493,0,0
35,66,37953.47,1,403,1,1
64,77,13305.07,3,395,1,0
70,107,10060.08,3,722,0,1
41,43,4662.86,0,497,2,0
43,112,16658.46,4,300,0,0
42,75,28212.29,1,706,1,1
77,115,6234.27,2,677,1,1
77,111,19146.42,3,466,2,0
77,23,949.08,3,808,0,1
62,55,41024.63,1,612,1,1
58,80,6858.21,4,717,1,1
46,95,14525.48,3,776,1,1
32,75,1412.17,1,372,2,0
62,118,21895.92,0,440,1,0
18,16,42086.01,4,561,1,0
42,8,19911.48,2,639,0,0
24,4,9385.12,3,607,0,0
26,104,37808.09,1,544,1,1
41,4,39545.95,0,814,1,1
18,56,9100.8,2,636,0,1
61,25,38657.28,1,375,2,0
25,67,47391.25,1,474,2,0
41,96,8735.69,2,408,2,0
28,67,38663.72,0,482,2,0
68,27,35574.31,0,491,2,0
34,93,23941.91,4,364,2,0
25,32,3367.06,3,773,2,1
52,50,4197.37,2,399,2,0
52,61,42694.53,2,843,0,0
50,51,49512.34,2,427,2,0
76,19,33964.59,0,751,2,1
22,21,22574.94,3,668,2,0
59,5,32554.9,4,342,1,0
56,82,29922.6,1,718,0,1
75,92,19488.81,1,787,0,1
58,42,3748.49,2,377,0,0
45,61,41164.89,3,569,2,0
24,22,18905.76,0,614,2,1
26,21,41029.89,3,467,1,0
25,70,12999.18,3,638,0,1
29,1,550.96,0,492,2,0
51,5,8367.45,2,752,0,1
50,105,23692.7,3,582,1,0
65,12,47243.03,1,635,1,1
72,90,5558.58,0,689,1,1
40,46,42783.38,4,824,0,1
79,34,26587.69,2,539,2,0
41,49,41383.08,0,782,2,1
54,78,15269.53,4,757,1,0
52,90,42077.38,4,388,2,0
61,45,38754.73,3,394,1,0
57,27,11887.66,3,751,0,1
39,73,7001.09,3,727,1,1
44,26,43468.69,0,450,0,1
52,47,48180.21,0,813,1,1
18,86,2049.46,2,675,2,1
52,111,36697.87,3,321,2,0
54,56,45521.46,4,612,1,1
64,94,42939.32,1,818,2,1
31,107,48243.76,2,505,2,0
20,63,38124.66,0,674,2,1
18,48,22393.79,2,750,0,0
22,61,15941.62,2,478,2,0
43,81,16376.77,2,509,0,0
72,26,36358.92,2,799,1,0
31,36,37418.93,1,763,2,1
56,1,10417.78,3,423,2,0
44,8,43472.08,4,412,2,0
26,113,35888.74,2,311,1,0
32,99,28356.14,2,425,0,0
32,52,23840.86,2,630,0,1
43,79,27390.02,3,582,2,0
59,47,8382.66,0,439,1,1
77,56,10583.21,0,700,1,1
30,86,5012.64,1,396,1,1
68,14,8106.07,0,816,1,1
49,90,22957.83,2,368,1,0
56,28,26752.54,2,417,0,0
66,87,1384.16,2,358,0,0
69,78,39941.49,1,332,0,1
78,88,15061.31,2,617,2,0
49,2,45635.88,0,349,1,0
21,109,48391.81,3,788,2,0
47,26,9680.21,3,318,1,0
54,14,23373.82,4,496,0,0
40,59,560.98,0,749,2,1
56,56,30117.2,2,751,0,0
62,115,30561.67,3,588,1,0
32,7,12753.23,0,440,1,1
60,3,28141.43,3,383,1,0
46,111,11664.24,2,690,0,1
53,23,8460.86,3,514,1,0
30,110,32750.21,4,825,0,1
49,107,16633.31,4,514,2,0
24,111,29718.06,3,702,1,1
76,109,21945.71,0,427,1,1
68,18,49225.39,0,776,1,1
39,38,7904.24,0,703,2,1
45,99,23497.63,3,328,1,0
19,115,34182.6,0,637,0,1
59,15,20079.48,2,660,0,0
62,64,48747.64,4,691,1,1
79,89,36233.44,2,517,1,0
74,119,33020.7,0,501,2,1
70,101,37974.43,2,316,2,0
23,28,47656.11,0,621,2,1
45,74,45437.02,3,817,1,0
45,39,36352.12,2,624,2,0
61,57,37583.5,3,711,2,1
61,17,7723.14,3,617,0,1
37,103,5588.22,1,381,2,0
47,86,28759.77,0,773,0,1
79,90,1409.2,4,767,0,1
28,44,24376.64,0,724,2,1
75,25,10912.3,4,503,0,1
72,17,17627.82,0,686,1,1
45,13,38902.33,3,397,1,0
42,84,47091.26,2,644,2,0
56,25,4084.61,2,507,1,0
79,68,26944.99,1,813,0,1
50,10,44185.41,4,465,1,0
18,67,4584.17,4,321,2,0
74,105,41313.45,4,453,2,0
44,109,18211.17,3,738,0,0
79,18,16443.69,4,594,2,0
74,111,48884.59,2,518,1,0
69,100,10442.52,3,794,2,0
30,111,34813.1,0,529,0,0
58,86,41161.32,4,319,2,0
20,34,2538.58,4,447,1,0
56,111,33684.08,0,407,0,1
23,8,47601.72,4,702,1,0
25,40,6648.89,0,782,0,1
44,113,44862.95,3,666,2,0
26,108,29941.44,2,713,0,1
79,83,31021.93,0,608,0,1
54,42,30840.74,1,433,2,0
50,41,15292.38,0,582,1,0
68,101,46792.49,4,372,2,0
59,6,47393.85,3,780,0,0
61,52,31452.58,3,651,2,0
41,26,39279.42,0,625,0,1
32,64,30806.77,2,742,2,0
76,98,24477.72,1,399,2,0
71,59,33210.6,3,358,1,0
49,56,27873.57,4,807,0,1
49,59,30075.06,4,557,1,0
41,109,39299.71,2,712,0,1
58,70,24304.74,3,751,2,0
69,101,2517.33,0,364,0,1
66,33,8617.97,4,453,1,0
79,53,22211.06,2,565,1,0
66,22,36378.91,3,378,1,0
75,21,29867.29,3,614,0,0
69,70,32689.56,3,547,1,0
29,70,24224.31,3,713,1,1
79,119,30979.23,3,324,1,0
56,112,16786.36,4,583,2,0
19,4,23774.04,2,748,2,0
20,94,37341.81,3,600,0,0
66,75,43655.72,1,367,0,0
54,62,21965.94,1,306,1,0
66,62,2661.25,2,436,2,0
73,94,8502.79,0,463,1,1
34,95,1532.63,0,382,1,1
76,24,32836.52,0,719,2,0
66,55,16949.57,1,372,2,0
19,9,27352.69,0,536,2,0
19,119,24917.2,4,345,0,0
45,3,4535.56,3,561,0,0
71,115,20461.44,1,475,1,0
40,31,11417.78,2,465,0,0
54,40,21210.79,2,669,2,0
49,101,10577.12,3,353,2,0
50,36,42102.39,1,718,0,1
18,24,9122.57,0,806,1,1
36,95,48058.64,0,640,1,1
79,6,21087.41,4,426,0,0
19,66,42389.14,4,708,1,0
70,84,31623.86,0,666,1,1
61,92,36899.84,2,570,1,0
43,75,38502.33,2,678,2,0
49,4,25489.82,4,372,2,0
23,79,27393.38,3,547,0,0
49,6,25942.8,0,342,2,0
72,118,29608.89,4,676,1,0
21,113,1955.03,4,340,2,0
72,94,20078.0,0,469,0,0
28,102,30506.34,0,511,2,0
73,51,30087.32,2,792,1,0
76,62,39751.33,3,338,1,0
34,57,32922.96,3,668,0,0
55,66,49610.6,0,450,2,0
41,79,14550.8,1,410,2,1
22,75,18277.98,4,779,2,0
69,8,19500.43,4,735,1,0
51,26,23557.73,0,346,0,1
23,51,41881.9,1,665,2,1
39,45,12171.71,2,368,1,0
28,44,38912.01,0,598,1,0
65,5,20562.85,0,595,1,0
33,70,30291.84,4,502,2,0
50,26,31810.76,0,360,2,0
26,118,18956.01,0,613,2,1
77,68,25874.45,0,460,2,0
76,19,20945.04,4,630,2,0
23,84,3922.07,2,827,2,0
33,97,22139.69,2,637,2,0
46,20,5320.97,0,603,2,1
20,113,20548.53,4,802,2,0
37,12,29849.46,2,637,1,0
77,47,29181.04,2,849,2,0
76,1,33299.75,2,574,0,0
53,90,5215.44,4,463,1,0
36,14,32780.1,4,742,2,0
43,64,15951.33,0,618,0,1
20,38,20252.77,3,803,2,0
36,37,42970.32,2,686,0,0
37,11,947.01,3,793,0,0
49,100,29626.43,4,789,0,1
24,77,30136.34,4,372,0,0
69,107,20134.66,4,808,1,0
58,3,12232.88,3,689,1,0
50,33,12116.36,4,594,0,1
57,6,44243.63,0,668,2,0
56,50,22380.21,4,848,0,0
35,10,16879.02,1,486,1,0
57,5,22714.49,3,744,2,0
18,23,33634.82,1,662,1,1
28,10,7714.95,4,422,1,0
45,44,22746.97,0,487,2,0
74,2,29600.28,2,719,0,0
42,13,47454.88,4,551,0,0
67,40,13000.13,0,848,0,1
40,2,18282.91,3,634,0,0
48,84,19278.25,1,391,2,0
47,65,30474.14,1,829,2,1
59,63,18158.24,1,362,2,0
52,101,26908.84,3,811,1,1
24,73,39198.62,0,438,2,0
77,17,35416.59,3,484,0,0
33,9,22595.25,1,504,1,0
43,75,43278.7,4,513,0,0
65,15,28127.94,2,555,0,0
74,24,27225.34,3,434,2,0
69,38,2192.29,3,387,2,0
77,119,49341.3,0,506,0,0
66,35,6587.06,0,428,0,1
19,94,11940.98,3,302,1,0
18,95,3058.99,1,420,2,1
65,49,32180.15,2,684,1,0
79,69,11622.71,0,337,1,1
29,62,9410.52,1,640,1,1
22,60,4883.5,4,320,0,0
54,108,5613.79,0,541,1,1
49,50,29441.2,1,754,1,1
76,78,34566.29,1,602,0,1
72,117,20170.26,2,368,2,0
26,75,24254.91,2,428,2,0
58,9,34455.4,4,495,1,0
52,34,1360.3,1,439,0,1
36,76,16494.97,1,743,2,1
65,99,48668.34,2,582,1,0
33,35,29215.56,0,611,1,1
20,1,13084.12,0,834,0,1
37,40,26325.64,3,576,1,0
41,64,17461.35,2,360,2,0
71,22,26846.13,3,618,0,1
73,60,6724.2,2,351,2,0
50,64,7069.38,4,452,2,0
41,93,7605.35,1,610,2,1
69,72,47021.08,4,843,1,0
28,11,36778.5,2,688,1,0
66,105,8537.9,1,847,2,1
25,101,9823.28,0,476,2,1
53,14,36676.06,0,661,0,1
55,60,8230.11,3,613,0,1
57,30,12110.78,2,396,1,0
37,35,48185.67,2,512,1,0
79,85,13137.67,0,436,0,1
52,37,33250.8,4,305,2,0
65,5,48942.25,1,408,1,0
79,83,19027.69,4,846,2,0
42,78,1367.04,4,338,0,1
52,26,12585.29,0,724,1,1
42,62,41628.42,0,560,1,1
46,4,43298.14,0,725,0,1
35,89,38541.71,3,386,1,0
63,109,6098.94,4,764,0,1
35,42,39877.76,2,375,1,0
19,89,45974.55,1,770,0,1
71,18,30230.17,3,713,1,1
52,40,47073.33,2,756,2,0
33,72,41428.52,4,584,2,0
78,39,33515.09,0,538,2,0
58,104,29070.67,4,671,1,1
53,14,17754.4,1,794,1,1
50,32,8384.73,3,344,2,0
21,51,30445.22,3,700,2,0
50,38,16246.52,1,546,0,1
31,97,43388.71,2,749,0,0
38,23,49670.18,2,784,0,0
65,63,37745.17,3,317,2,0
37,15,4978.84,3,588,2,0
73,97,14789.94,0,713,2,1
25,25,5900.93,2,534,0,0
24,17,32700.33,1,715,1,1
20,97,38376.95,2,798,2,1
34,111,46320.9,0,414,1,1
50,119,22189.53,3,533,1,0
65,66,45118.09,3,839,1,0
29,78,43955.61,0,310,0,0
76,53,16201.19,1,505,1,0
68,104,43510.58,3,546,2,0
39,104,19095.78,4,426,0,0
72,51,15195.03,3,446,2,0
39,39,32629.2,4,417,2,0
63,51,16754.87,0,681,0,1
47,70,31695.33,0,711,2,1
55,6,30686.67,3,662,2,0
55,67,28390.23,2,808,0,1
62,7,19330.78,4,436,2,0
68,51,27650.74,1,474,1,1
71,72,30026.03,3,588,2,0
25,42,27511.5,1,780,1,1
44,64,22498.76,3,318,2,0
44,116,1226.02,2,494,0,0
51,15,29559.55,2,629,0,1
38,111,8838.0,2,474,2,0
47,29,32307.51,2,748,0,0
50,33,38087.54,0,653,2,0
45,116,25272.04,0,798,0,1
64,94,27347.0,4,440,1,0
50,103,47598.19,1,392,2,0
22,27,42434.78,3,538,1,0
77,36,45754.71,3,504,1,0
78,29,40781.43,0,732,2,1
65,38,5891.46,3,544,1,0
36,57,7875.1,0,616,2,1
21,97,26567.88,4,594,1,0
52,101,12680.45,1,581,2,1
66,27,24096.43,4,316,2,0
34,55,20021.08,2,370,0,0
61,33,27696.0,2,568,2,0
45,68,37470.35,2,624,2,0
47,86,35916.8,4,604,1,1
46,66,26301.09,3,750,2,0
63,10,41208.47,1,306,0,0
70,5,21827.67,2,613,1,0
23,74,44887.36,2,402,1,0
52,97,4028.37,2,492,0,0
77,118,47755.67,1,828,1,1
58,38,32907.31,2,470,1,0
54,13,19313.69,1,836,1,1
41,31,10259.13,2,550,1,0
46,47,24219.57,4,686,0,1
66,100,10130.64,4,506,0,1
63,109,8733.41,1,840,1,1
70,88,31058.91,4,715,1,0
48,52,26392.69,1,679,0,1
52,56,33669.75,4,443,0,0
77,15,46515.49,4,324,0,0
50,29,26846.88,1,372,1,1
69,8,29256.14,3,392,1,0
78,5,4936.5,4,804,2,0
38,29,36022.97,2,635,0,1
49,47,20295.31,3,724,1,0
40,68,48847.9,1,798,0,1
50,76,41247.11,3,663,1,1
20,45,26362.81,0,498,0,1
35,2,6599.52,0,712,1,1
42,27,43041.08,4,638,2,0
59,95,40089.16,4,728,2,0
48,115,9636.96,2,438,0,0
71,115,15116.28,3,841,1,0
75,36,39773.66,0,356,1,1
20,36,9668.81,4,531,0,0
57,26,45928.75,3,734,1,0
63,43,21514.11,4,683,0,0
41,27,4808.43,4,493,1,0
67,69,40879.56,0,833,0,1
49,20,18988.73,0,817,1,1
64,11,26561.71,4,484,0,0
39,74,6059.07,1,591,1,0
40,104,627.91,4,634,2,1
19,38,32080.27,4,415,1,0
44,6,26001.17,2,348,0,0
59,72,29880.16,2,381,2,0
19,23,39790.32,2,632,1,0
43,47,32506.99,1,634,2,1
34,90,9151.29,1,831,1,1
57,46,18358.24,4,520,2,0
50,107,45341.61,2,622,0,1
26,12,38612.26,1,302,1,0
60,90,28053.53,0,505,1,0
71,13,13154.43,4,339,0,0
65,104,15451.99,3,358,2,0
56,62,36731.92,4,806,0,1
46,82,42633.13,3,421,0,0
59,89,33735.52,2,778,2,0
72,97,40571.73,3,395,0,0
43,111,38449.48,2,713,1,0
52,104,7910.35,0,534,1,1
67,60,21485.27,3,361,1,0
42,43,8072.7,4,555,0,0
41,76,12144.16,2,647,1,1
30,108,43528.35,4,423,1,0
77,100,23908.15,1,781,1,1
75,112,27000.23,2,616,1,0
24,68,9333.08,3,803,1,1
74,5,15957.45,2,347,1,0
53,37,11897.19,4,708,0,1
62,72,10706.22,0,435,1,1
37,106,32079.06,2,500,1,0
18,113,13215.75,3,549,2,0
25,92,31784.77,1,613,0,1
63,31,3393.5,0,667,0,1
33,9,7517.83,1,728,0,1
31,118,14089.74,2,779,0,1
29,51,30053.82,4,613,1,0
68,29,33954.14,4,799,1,0
40,78,22414.49,3,654,2,0
32,40,22566.65,4,784,2,0
45,41,36363.58,0,510,0,1
51,86,1283.14,4,343,2,0
19,11,17383.96,3,840,2,0
49,23,41026.0,2,391,0,0
40,1,30359.36,2,564,0,0
39,46,17192.74,4,519,2,0
68,101,45323.48,1,741,1,1
42,21,38744.83,2,700,2,0
75,90,13612.32,4,699,2,1
79,110,32441.85,3,789,1,0
78,36,29989.66,4,784,1,1
39,54,20358.8,2,769,0,1
75,87,18664.33,3,744,0,0
75,57,17506.24,4,568,2,0
39,1,31049.21,0,566,1,0
66,63,22399.29,3,353,0,0
69,54,41677.22,0,827,2,1
59,55,33645.33,1,819,1,1
23,115,3961.61,3,358,2,0
32,40,32188.33,0,339,0,1
71,15,13921.8,2,536,0,1
60,21,29844.19,2,685,1,1
77,47,34166.53,1,599,2,0
54,73,11926.04,3,694,1,1
50,53,23114.5,3,506,0,0
25,9,9921.08,3,635,0,1
70,74,3090.77,1,813,2,1
77,52,19234.58,3,477,2,0
61,57,18465.74,2,695,2,0
61,117,49776.28,0,670,1,1
22,26,22594.44,2,617,2,0
56,41,17011.69,2,668,2,0
21,35,29233.51,0,683,0,1
23,63,4893.99,2,361,0,1
62,116,48102.45,1,804,2,1
49,25,31930.52,0,538,2,0
69,90,37864.47,2,494,0,0
47,75,8938.66,4,521,2,0
64,38,20769.15,2,360,1,0
52,2,21423.11,1,428,1,0
72,7,41179.42,3,455,1,0
57,82,561.22,2,677,2,0
69,91,15392.23,3,736,0,0
33,34,49071.2,4,506,2,0
30,91,24006.88,2,687,2,0
67,17,19435.05,0,779,0,1
77,43,6431.54,3,639,0,1
59,59,48721.15,4,639,0,0
47,108,1491.3,0,503,1,1
36,51,36990.42,0,460,2,0
34,54,38545.69,0,839,0,1
73,24,12561.01,0,691,2,1
36,25,33742.14,2,833,1,1
45,71,5099.99,2,369,1,0
75,52,13223.84,2,704,0,1
72,70,39501.15,4,816,0,1
43,117,43301.97,4,419,2,0
54,88,30620.08,4,516,0,0
43,33,25588.5,1,355,2,0
70,49,8385.55,4,665,0,1
79,29,3623.9,2,803,2,1
40,63,6323.63,2,754,2,0
26,107,11754.19,1,403,2,1
29,22,17412.89,1,376,2,0
70,26,19355.02,4,529,1,0
18,28,17642.93,3,557,2,0
75,114,12333.24,1,563,0,1
75,85,25731.35,0,630,1,1
18,49,41351.66,2,481,1,0
64,71,14345.33,0,849,2,1
51,81,47148.16,2,326,1,0
49,84,43730.16,2,575,2,0
79,105,8507.33,1,598,0,1
71,49,39420.66,1,390,2,0
65,20,28942.08,0,779,1,1
42,118,28545.48,2,757,0,0
57,86,19856.62,0,750,2,1
62,92,25307.07,3,664,0,0
70,63,20160.35,0,650,0,1
18,61,27216.76,4,699,1,0
33,104,31583.53,0,552,0,0
78,49,33878.04,4,758,1,0
56,71,26857.82,4,798,0,0
22,1,36210.39,4,807,2,0
39,96,7493.26,3,603,0,1
46,13,10993.13,0,800,2,1
72,94,41027.38,0,465,2,0
20,87,16465.13,3,714,0,1
29,51,1633.24,2,761,2,1
43,56,8112.66,1,413,0,1
33,83,11568.91,0,732,0,1
68,62,47887.48,1,655,2,1
54,32,28865.55,3,506,2,0
39,30,46670.17,2,534,1,0
74,29,28970.59,2,741,2,0
46,49,24228.04,2,654,1,1
31,45,16029.52,3,814,2,0
45,93,30515.36,4,507,0,0
22,30,7390.3,4,424,2,0
64,16,44963.95,1,437,0,0
66,40,41551.95,4,638,0,0
47,19,16217.81,4,836,0,1
63,18,47663.48,2,367,1,0
79,1,41347.44,2,840,2,0
69,78,33482.19,1,682,0,1
22,115,6527.21,0,318,0,1
29,47,24172.58,1,749,1,1
33,114,25552.32,1,373,2,0
43,66,12011.29,3,575,2,0
43,118,4458.29,3,347,1,0
65,92,38947.82,1,510,1,1
38,113,6540.74,1,839,2,1
56,114,29917.39,1,490,1,0
53,94,46854.23,4,614,2,0
50,38,43867.21,3,412,2,0
79,51,14248.75,1,469,0,1
47,63,42646.71,2,767,0,1
54,4,516.46,2,313,2,0
40,1,1375.55,4,587,2,0
75,8,30326.38,4,488,2,0
27,29,18557.51,0,454,2,0
71,55,19629.81,0,770,2,1
22,103,28439.83,0,374,2,0
53,3,9993.23,4,576,1,0
51,32,10981.89,4,642,2,1
69,10,24487.78,4,724,1,0
48,74,37835.55,2,810,1,0
27,83,31165.14,4,481,2,0
75,110,15219.07,2,757,2,0
36,34,21801.69,0,363,1,1
75,97,8947.91,0,559,1,1
49,87,4194.18,0,492,2,1
18,55,39243.45,1,705,2,1
73,92,13636.68,1,392,1,1
22,32,9299.44,3,729,1,1
62,50,34735.09,3,733,1,0
21,7,31093.56,3,703,0,0
33,93,31842.89,1,733,1,1
41,8,11830.28,1,411,0,0
33,65,12015.95,3,674,2,1
72,57,11429.73,3,358,2,0
19,119,9100.75,4,342,1,0
66,67,32958.32,3,506,2,0
45,88,42476.79,4,595,2,0
49,87,36353.71,2,417,2,0
44,59,39708.63,1,831,2,1
37,72,20537.52,3,521,0,0
41,54,32876.75,1,465,0,0
29,111,18034.69,1,455,1,0
67,101,26512.48,1,483,1,1
52,67,24340.92,2,389,1,0
77,51,9255.91,0,393,2,0
50,97,19660.4,3,312,2,0
50,92,48209.2,0,737,0,1
78,111,12804.72,0,837,0,1
68,8,7123.28,0,449,1,1
60,34,21219.74,1,307,0,1
54,35,39621.72,4,328,0,0
29,96,29316.34,1,595,0,0
20,88,34208.25,1,639,0,1
18,78,9889.89,0,738,0,1
50,32,31137.94,1,443,1,0
57,46,16513.27,0,818,1,0
27,107,41798.02,4,344,0,0
60,16,31650.29,3,538,1,0
61,68,10343.39,0,454,2,0
46,116,3698.53,4,480,0,0
30,37,2610.34,3,514,2,0
29,54,18884.72,2,387,1,0
48,85,13659.63,0,555,1,1
63,14,32481.46,0,810,2,1
19,95,25217.02,2,372,1,0
78,55,13667.95,2,478,0,0
68,48,7887.27,0,511,2,0
67,82,6796.39,2,533,0,0
52,7,43300.69,1,764,2,0
40,74,12552.16,3,522,1,0
34,7,32759.68,3,563,2,0
43,33,40628.95,3,506,2,0
25,23,30897.02,1,665,0,1
46,85,43048.48,2,575,1,0
43,19,19923.49,4,679,0,0
27,112,47833.0,2,608,1,1
43,19,7090.68,0,567,0,1
79,36,5556.4,3,363,2,0
51,29,33105.26,2,649,0,1
68,60,47170.14,4,793,1,0
58,82,40539.73,0,822,1,1
24,2,4282.63,1,397,2,0
21,1,14328.7,1,370,1,1
75,47,46550.78,4,663,0,1
70,69,13026.39,0,575,2,1
67,20,39167.94,3,349,1,0
62,11,41344.04,2,657,1,0
28,106,25024.88,0,784,0,1
46,2,19624.27,1,383,0,0
73,67,22781.16,4,595,2,0
53,87,11734.75,4,535,1,0
42,119,44524.85,2,355,0,0
38,12,22805.67,4,659,2,0
78,20,44181.74,4,409,1,0
74,5,5731.83,0,491,1,0
53,37,49419.63,3,392,2,0
27,38,22442.02,2,359,2,0
54,94,2867.63,0,338,0,1
26,9,2382.08,3,839,1,1
41,98,37437.26,0,348,1,0
52,53,33122.26,0,719,1,1
66,44,40205.46,4,312,2,0
52,99,5715.69,3,335,0,0
65,116,2260.76,2,400,1,0
53,86,25674.67,2,385,2,0
35,108,19685.96,3,815,1,1
66,24,23366.37,4,522,0,0
56,81,49583.63,1,637,1,1
49,74,48552.12,0,465,0,1
41,30,47144.61,4,682,0,1
40,59,39300.21,3,675,1,0
79,110,18064.65,0,770,1,1
49,87,20900.48,2,330,0,0
54,96,27705.99,1,674,2,1
29,81,41611.46,2,310,0,0
66,114,3901.29,3,601,1,1
72,115,21502.7,0,395,1,0
30,81,4589.57,3,489,2,0
40,14,25975.55,0,752,0,1
42,9,44995.59,4,491,0,0
52,40,39233.0,1,785,0,1
58,66,11778.2,4,565,1,0
47,109,48811.55,4,723,0,1
34,25,33533.84,3,427,2,0
66,103,1016.17,1,537,1,1
79,73,13142.97,0,654,1,1
37,118,13405.31,0,411,0,1
65,22,3928.09,2,745,2,1
42,107,48011.41,0,642,1,1
39,110,24173.64,3,444,1,0
30,4,44842.82,4,364,0,0
76,26,16449.67,4,546,0,0
36,58,6699.06,4,789,2,1
66,29,23979.64,1,738,0,1
53,109,6140.85,0,405,2,0
29,98,24557.77,3,480,1,0
78,87,46054.71,1,483,2,0
58,37,26278.02,2,525,2,0
36,75,31016.74,3,388,2,0
29,70,8253.6,3,829,1,1
26,18,2664.91,3,670,0,1
24,85,5984.99,4,698,1,1
45,42,30127.31,3,405,0,0
31,100,5203.08,0,570,2,1
48,41,19111.65,3,802,2,0
69,38,27729.55,4,824,2,1
36,34,19738.31,3,331,2,0
75,17,8602.35,2,692,2,1
64,37,14052.67,2,339,0,0
33,25,46451.72,4,517,0,0
70,102,33961.12,0,381,2,0
22,76,25054.37,0,500,1,1
52,87,1129.39,1,746,1,1
29,117,49624.56,4,727,2,0
42,106,33737.02,3,337,0,0
69,86,16187.66,4,510,1,0
76,85,44023.8,1,743,1,1
38,27,13292.37,4,626,1,1
53,57,27428.82,4,526,2,0
70,31,31985.5,1,347,1,0
40,6,11442.64,0,317,1,1
33,91,48930.67,3,738,1,0
74,40,37535.5,1,486,1,0
56,98,28111.75,2,644,0,0
62,12,9439.43,0,523,2,0
70,109,3165.98,2,787,2,1
59,53,16342.96,0,528,0,0
75,71,37782.77,3,689,0,1
56,10,13831.9,3,487,2,0
31,45,27208.03,4,569,1,0
48,17,36533.39,2,609,1,1
75,26,5843.21,0,431,2,1
22,85,34422.25,3,371,1,0
52,92,5047.61,1,486,0,1
40,62,48273.92,3,785,1,1
46,46,24675.51,1,490,1,1
60,64,7958.47,0,721,1,1
28,2,17447.99,3,419,2,0
35,54,20964.11,3,519,0,0
64,107,38030.16,0,352,1,1
29,65,37299.48,3,750,2,0
26,51,30791.06,1,711,1,1
27,53,5743.57,3,536,0,1
75,36,8002.68,2,705,1,1
61,115,5140.97,4,721,0,1
34,26,29070.05,1,546,1,1
78,29,43918.35,2,371,0,0
55,21,21973.13,0,484,1,1
24,11,8461.98,1,305,0,0
63,40,28123.1,4,505,1,0
30,11,40681.73,4,843,1,0
57,36,37214.75,0,686,2,1
59,113,44131.81,0,375,2,0
26,59,14256.15,1,476,0,1
67,39,10100.72,3,648,1,1
44,104,44050.92,0,554,0,0
75,99,33049.24,3,607,2,0
19,54,15890.98,2,644,0,1
22,98,37246.23,4,426,0,0
46,55,40848.36,3,586,2,0
54,111,30941.42,4,786,1,1
55,24,34550.26,3,682,0,0
36,118,19075.37,2,705,2,0
25,22,27165.44,0,687,1,1
65,69,26445.88,2,824,2,0
62,56,42478.37,0,575,0,0
18,33,42078.22,0,799,1,1
39,36,41717.68,4,636,1,0
69,111,1046.06,2,780,2,1
34,20,37602.5,3,572,2,0
24,83,38054.48,2,357,2,0
42,99,34079.75,4,627,1,1
62,116,37935.1,0,408,1,1
21,107,42177.53,4,578,0,0
53,81,23780.79,1,627,1,1
23,62,25351.49,1,614,0,1
77,109,6673.35,3,773,2,1
48,107,19576.11,4,410,2,0
36,98,32346.58,3,528,1,0
78,73,39129.79,3,796,2,0
61,26,11251.85,1,455,2,1
71,66,7322.23,3,772,1,1
56,117,33320.58,1,571,0,1
44,73,593.05,0,301,1,1
27,73,9329.44,4,810,0,1
43,40,1939.03,3,585,1,0
36,17,8760.81,1,312,1,1
56,1,9475.3,2,797,2,0
79,89,19689.84,3,537,1,0
20,61,20415.19,0,393,1,0
62,43,43775.99,0,637,0,1
30,104,25750.43,2,470,2,0
67,42,36308.54,1,766,0,1
45,25,5654.8,3,442,0,0
79,39,11659.22,1,500,2,1
75,35,35295.7,0,479,2,0
37,3,3113.8,1,663,2,1
45,114,24586.58,0,778,1,1
25,101,30168.76,1,770,2,1
78,108,30306.21,2,683,2,0
58,44,1635.17,4,716,2,1
56,51,16444.35,2,607,0,0
18,94,32006.29,2,666,0,0
20,102,7875.49,4,300,1,0
30,98,34923.07,4,343,0,0
45,12,37423.3,3,397,1,0
79,19,49107.47,3,564,0,0
74,101,10887.18,2,439,2,0
77,44,41343.97,2,780,0,1
66,59,26254.68,0,536,1,1
42,49,18986.4,0,371,0,0
73,61,6557.65,3,489,2,0
50,17,36907.53,3,567,1,0
55,74,12174.95,0,620,2,1
70,57,18885.39,0,406,2,0
23,55,3595.84,1,531,1,1
75,113,40167.66,1,341,2,0
61,47,38446.13,0,438,2,0
62,12,36813.98,1,572,0,0
49,62,15322.45,4,780,2,0
62,80,9087.26,3,715,2,1
78,88,32058.89,3,805,2,0
64,83,25060.24,0,723,2,1
38,8,9323.5,2,706,1,0
33,95,34452.61,0,689,0,1
71,21,49560.76,1,641,2,1
38,81,37487.37,2,792,2,0
28,87,37129.33,1,491,1,0
77,101,47540.48,4,798,2,0
54,118,10545.35,1,532,1,1
53,80,28494.72,4,526,0,0
52,70,48992.51,4,670,0,1
36,72,8682.06,1,438,2,1
37,25,35162.47,1,448,2,0
74,82,29497.6,4,414,2,0
35,89,29530.72,2,749,1,0
64,12,35034.7,4,362,2,0
58,15,46516.04,3,403,2,0
66,59,39237.81,4,572,0,0
31,26,3278.74,2,305,2,0
32,105,42710.04,3,446,0,0
48,109,11664.3,0,483,2,0
18,26,19157.25,0,327,0,0
70,47,23355.77,2,849,2,0
71,32,24304.85,4,418,0,0
71,10,22041.43,1,592,1,0
20,16,46898.99,2,670,0,0
33,71,35447.94,3,543,0,0
40,17,31742.95,3,517,0,0
74,23,2967.18,0,476,2,1
28,26,45243.71,3,598,2,0
29,85,45514.81,2,357,2,0
27,86,39120.55,3,568,1,0
49,7,847.95,2,607,1,1
33,14,3335.37,1,587,0,1
25,79,11648.57,0,404,1,1
55,117,7001.8,3,527,0,0
29,7,20242.38,2,546,0,0
41,9,46169.84,4,793,0,0
45,115,23866.99,0,382,1,1
70,48,1163.43,1,485,2,1
25,72,14495.91,2,551,1,0
75,114,2707.45,1,654,0,1
45,59,2296.24,1,509,0,1
53,87,14148.13,3,746,1,1
43,93,14142.81,3,759,0,1
25,82,39462.77,2,771,0,1
75,95,48754.32,4,669,1,0
77,94,18874.75,2,791,1,0
67,116,21729.9,4,436,1,0
45,39,42317.08,1,666,0,1
45,99,13772.88,0,483,0,1
54,18,8240.9,2,586,2,0
58,59,42727.94,2,771,2,0
53,106,2801.78,4,674,1,1
44,103,31175.12,1,836,2,0
71,17,28318.65,1,810,0,1
34,14,17623.06,4,549,2,0
26,31,16101.88,1,809,0,1
50,24,38706.96,3,372,1,0
70,99,4778.02,0,581,1,1
37,108,12220.82,2,659,0,1
30,60,36756.21,0,309,2,0
45,45,27641.87,2,510,1,0
65,98,6835.42,3,451,1,0
46,3,44165.71,1,304,2,0
30,37,19975.67,4,494,2,0
63,43,41479.48,3,582,0,0
52,40,39491.79,0,763,2,1
78,90,31409.06,4,412,2,0
23,55,24976.82,1,570,2,0
35,87,48987.77,3,462,0,0
68,108,7675.77,4,759,0,1
22,39,36395.21,3,404,1,0
64,15,9963.94,3,581,0,0
42,113,17244.02,1,461,1,0
19,4,15780.59,2,650,2,0
27,93,47378.28,4,733,1,0
73,86,48384.13,1,439,1,1
47,25,9559.26,3,770,2,0
67,13,1590.74,1,431,1,1
76,82,36140.4,2,386,0,0
62,33,21190.5,4,482,0,0
22,16,4897.59,2,667,0,1
72,109,34345.83,0,428,0,0
73,42,27482.72,4,545,1,0
50,108,49035.58,2,677,1,1
71,66,11756.77,3,448,2,0
18,55,20496.9,4,732,1,0
35,99,27356.02,4,768,1,0
49,42,39689.15,1,745,1,1
64,34,27667.51,3,780,2,0
66,30,30838.56,0,593,0,1
